{"dataSource":"sales","interval":"2012-01-01T00:00:00.000Z/2012-02-01T00:00:00.000Z","version":"2017-04-10T00:01:02.946Z","loadSpec":{"type":"local","path":"var/druid/segments/sales/2012-01-01T00:00:00.000Z_2012-02-01T00:00:00.000Z/2017-04-10T00:01:02.946Z/0/index.zip"},"dimensions":"Category,City,Country,CustomerName,OrderID,PostalCode,ProductName,Quantity,Region,Segment,ShipDate,ShipMode,State,Sub-Category,ShipStatus,orderprofitable,SalesAboveTarget,latitude,longitude","metrics":"count,Discount,Profit,Sales,DaystoShipActual,SalesForecast,DaystoShipScheduled,SalesperCustomer,ProfitRatio","shardSpec":{"type":"none"},"binaryVersion":9,"size":29220,"identifier":"sales_2012-01-01T00:00:00.000Z_2012-02-01T00:00:00.000Z_2017-04-10T00:01:02.946Z"}