{"dataSource":"sales","interval":"2014-01-01T00:00:00.000Z/2014-02-01T00:00:00.000Z","version":"2017-04-10T00:01:03.647Z","loadSpec":{"type":"local","path":"var/druid/segments/sales/2014-01-01T00:00:00.000Z_2014-02-01T00:00:00.000Z/2017-04-10T00:01:03.647Z/0/index.zip"},"dimensions":"Category,City,Country,CustomerName,OrderID,PostalCode,ProductName,Quantity,Region,Segment,ShipDate,ShipMode,State,Sub-Category,ShipStatus,orderprofitable,SalesAboveTarget,latitude,longitude","metrics":"count,Discount,Profit,Sales,DaystoShipActual,SalesForecast,DaystoShipScheduled,SalesperCustomer,ProfitRatio","shardSpec":{"type":"none"},"binaryVersion":9,"size":47415,"identifier":"sales_2014-01-01T00:00:00.000Z_2014-02-01T00:00:00.000Z_2017-04-10T00:01:03.647Z"}