{
  "type": "index_realtime",
  "spec": {
    "dataSchema": {
      "metricsSpec": [
        {
          "type": "count",
          "name": "count"
        }
      ],
      "granularitySpec": {
        "queryGranularity": "DAY",
        "segmentGranularity": "MONTH",
        "type": "uniform",
        "intervals": [
          "1970-01-01/2050-01-01"
        ]
      },
      "parser": {
        "parseSpec": {
          "dimensionsSpec": {
            "dimensionExclusions": [],
            "dimensions": [
              "cat",
              "value",
              "abbr"
            ],
            "spatialDimensions": []
          },
          "timestampSpec": {
            "column": "time",
            "format": "yyyy-MM-dd"
          },
          "columns": [
            "time",
            "cat",
            "value",
            "abbr"
          ],
          "format": "csv"
        },
        "type": "string"
      },
      "dataSource": "sales_join_category"
    },
    "tuningConfig": {
      "rowFlushBoundary": 0,
      "rejectionPolicy": {
        "type": "none"
      },
      "type": "realtime",
      "maxRowsInMemory": 5000,
      "targetPartitionSize": 0
    },
    "ioConfig": {
      "firehose": {
        "filter": "sales_join_category.csv",
        "baseDir": "/Users/mini/develop/druid/ingestion",
        "type": "local"
      },
      "type": "realtime"
    }
  }
}

