{"dataSource":"sales","interval":"2011-05-01T00:00:00.000Z/2011-06-01T00:00:00.000Z","version":"2017-04-10T00:01:02.451Z","loadSpec":{"type":"local","path":"var/druid/segments/sales/2011-05-01T00:00:00.000Z_2011-06-01T00:00:00.000Z/2017-04-10T00:01:02.451Z/0/index.zip"},"dimensions":"Category,City,Country,CustomerName,OrderID,PostalCode,ProductName,Quantity,Region,Segment,ShipDate,ShipMode,State,Sub-Category,ShipStatus,orderprofitable,SalesAboveTarget,latitude,longitude","metrics":"count,Discount,Profit,Sales,DaystoShipActual,SalesForecast,DaystoShipScheduled,SalesperCustomer,ProfitRatio","shardSpec":{"type":"none"},"binaryVersion":9,"size":41805,"identifier":"sales_2011-05-01T00:00:00.000Z_2011-06-01T00:00:00.000Z_2017-04-10T00:01:02.451Z"}